load_case,seed,sample_size,front_size,normalized_hypervolume,hypervolume_ratio_to_same_seed_5m,hypervolume_ratio_to_seed43_5m,hausdorff_to_same_seed_5m,mean_distance_to_same_seed_5m,hausdorff_to_seed43_5m,mean_distance_to_seed43_5m
Biaxial-XY,43,100000,165,0.6187213596211727,0.9788261968185941,0.9788261968185941,0.05203239619731903,0.005248881831641614,0.05203239619731903,0.005248881831641614
Biaxial-XY,43,500000,317,0.6269580513886144,0.9918567630851737,0.9918567630851737,0.0181566271930933,0.002191334950698608,0.0181566271930933,0.002191334950698608
Biaxial-XY,43,1000000,422,0.629085034443994,0.995221681238427,0.995221681238427,0.015782656148076057,0.0013873905255023457,0.015782656148076057,0.0013873905255023457
Biaxial-XY,43,2000000,546,0.630716718101496,0.997803028534828,0.997803028534828,0.012237411923706532,0.0007721597913779219,0.012237411923706532,0.0007721597913779219
Biaxial-XY,43,5000000,806,0.6321054357067237,1.0,1.0,0.0,0.0,0.0,0.0
Biaxial-XY,44,100000,179,0.6207082059050926,0.9818103427850031,0.9819694165596148,0.026287401095032692,0.004486136816824927,0.028660742565989494,0.004534515440128166
Biaxial-XY,44,500000,316,0.6274924167316169,0.9925413244181573,0.9927021368358441,0.014214939437806606,0.002073560461512982,0.017252830788493156,0.002304046331798054
Biaxial-XY,44,1000000,417,0.629581823144721,0.9958462603077604,0.9960076081940646,0.012466068379580975,0.0012461312400100755,0.011504530906677246,0.0016353135392519172
Biaxial-XY,44,2000000,575,0.6310495260262292,0.9981678114899281,0.9983295355159951,0.011054467409849167,0.0006667552489071625,0.00878951232880354,0.001230729566154584
Biaxial-XY,44,5000000,828,0.6322078499849489,1.0,1.0001620208788597,0.0,0.0,0.010181354358792305,0.0010301597910822458
Biaxial-XY,45,100000,155,0.618081672317243,0.9776944108905739,0.9778142021927062,0.030880047008395195,0.005424106771997407,0.031056616455316544,0.005428452438185013
Biaxial-XY,45,500000,319,0.6274699245015516,0.9925449429476358,0.9926665538004915,0.016414035111665726,0.0020518871764751544,0.015835335478186607,0.002297510407687008
Biaxial-XY,45,1000000,422,0.6292788421629842,0.9954063264290671,0.9955282878708689,0.014225154183804989,0.0013654528199584818,0.01275674905627966,0.0017622175384595256
Biaxial-XY,45,2000000,536,0.6306432979310272,0.9975646508675216,0.9976868767564675,0.012190179899334908,0.0007966553767975929,0.011529598385095596,0.0013973094644482806
Biaxial-XY,45,5000000,834,0.6321828839690691,1.0,1.000122524278341,0.0,0.0,0.005851167254149914,0.001019900272546391
Triaxial-1-1-2,43,100000,151,0.5372158248831247,0.9746272377280168,0.9746272377280168,0.058172743767499924,0.00390845053340026,0.058172743767499924,0.00390845053340026
Triaxial-1-1-2,43,500000,339,0.5460679739637753,0.990686976117719,0.990686976117719,0.019855596125125885,0.001708494804510741,0.019855596125125885,0.001708494804510741
Triaxial-1-1-2,43,1000000,466,0.5481016776130102,0.9943765602256378,0.9943765602256378,0.016243238002061844,0.001156263063020128,0.016243238002061844,0.001156263063020128
Triaxial-1-1-2,43,2000000,615,0.5498825133447157,0.997607386514899,0.997607386514899,0.01552272867411375,0.0006070410479942429,0.01552272867411375,0.0006070410479942429
Triaxial-1-1-2,43,5000000,943,0.5512013250680792,1.0,1.0,0.0,0.0,0.0,0.0
Triaxial-1-1-2,44,100000,179,0.5381524493521186,0.9762635047525248,0.9763264797769692,0.042055122554302216,0.003687471458295461,0.03763283044099808,0.0036393531127363573
Triaxial-1-1-2,44,500000,314,0.5458455616477316,0.9902195961560142,0.9902834714345323,0.028391245752573013,0.0017987638998841135,0.024546338245272636,0.001945266930736846
Triaxial-1-1-2,44,1000000,433,0.5483347531545877,0.9947352437711262,0.9947994103367994,0.021876372396945953,0.0010903338837608637,0.018580380827188492,0.0014244234051555642
Triaxial-1-1-2,44,2000000,590,0.5500678131757548,0.9978791916473237,0.9979435610170488,0.015718040987849236,0.0005521620402552008,0.0180525965988636,0.0011097797581012204
Triaxial-1-1-2,44,5000000,917,0.551236880957192,1.0,1.0000645061749598,0.0,0.0,0.013736951164901257,0.0008713681650935718
Triaxial-1-1-2,45,100000,163,0.5369023780232438,0.9747051134988054,0.9740585764319973,0.04334789514541626,0.0040226190085007095,0.044557828456163406,0.004013765272764545
Triaxial-1-1-2,45,500000,332,0.5459099239847581,0.9910576227595922,0.9904002388189697,0.03027941845357418,0.0016982606854375102,0.032276540994644165,0.0019227024099266648
Triaxial-1-1-2,45,1000000,464,0.5480513271333516,0.9949451760363746,0.9942852134211787,0.02396448887884617,0.0011590130063360566,0.018067006021738052,0.0014107470206466944
Triaxial-1-1-2,45,2000000,615,0.5495191579584066,0.9976099103893863,0.9969481802144347,0.019440563395619392,0.0005733274230113488,0.016038401052355766,0.00105574847958972
Triaxial-1-1-2,45,5000000,926,0.5508357046532534,1.0,0.9993366844414232,0.0,0.0,0.021865321323275566,0.0008157810991586774
Triaxial-1-2-2,43,100000,160,0.5599747986175396,0.9712347882434548,0.9712347882434548,0.062099654227495193,0.004831991221543285,0.062099654227495193,0.004831991221543285
Triaxial-1-2-2,43,500000,335,0.5707473230927171,0.989918933589507,0.989918933589507,0.029198843985795975,0.0018905501118437374,0.029198843985795975,0.0018905501118437374
Triaxial-1-2-2,43,1000000,436,0.572960577439374,0.9937576592286091,0.9937576592286091,0.02699829451739788,0.0011975733929177178,0.02699829451739788,0.0011975733929177178
Triaxial-1-2-2,43,2000000,580,0.5750472293114488,0.9973768022581092,0.9973768022581092,0.02699829451739788,0.0006670466610061521,0.02699829451739788,0.0006670466610061521
Triaxial-1-2-2,43,5000000,879,0.5765596593078104,1.0,1.0,0.0,0.0,0.0,0.0
Triaxial-1-2-2,44,100000,180,0.5630824015252818,0.9767673592614124,0.9766246951812259,0.028777485713362694,0.0039848800946103696,0.028519151732325554,0.00408232991439602
Triaxial-1-2-2,44,500000,333,0.5709076051529887,0.9903415776394217,0.9901969309444797,0.01971171796321869,0.0018919466265543486,0.028379851952195168,0.0020186868555997243
Triaxial-1-2-2,44,1000000,430,0.5732429864405769,0.9943927151052118,0.9942474767117503,0.01883949525654316,0.001190069536584207,0.028379851952195168,0.0015364005527046835
Triaxial-1-2-2,44,2000000,578,0.5751186516842118,0.9976463926876062,0.9975006790705258,0.011885802261531353,0.0005836313337551791,0.028379851952195168,0.0011723806722405672
Triaxial-1-2-2,44,5000000,861,0.5764754485152528,1.0,0.9998539426212047,0.0,0.0,0.018611282110214233,0.000931177779134328
Triaxial-1-2-2,45,100000,153,0.5606146378688568,0.9726765327983288,0.9723445420061189,0.041263170540332794,0.004597326005373556,0.0417403019964695,0.00467023456122793
Triaxial-1-2-2,45,500000,338,0.5704459718770265,0.989734075056235,0.989396262239152,0.022575031965970993,0.001898313012075078,0.02086489088833332,0.0020550415396060604
Triaxial-1-2-2,45,1000000,446,0.572929000138876,0.9940421739845063,0.9937028907411019,0.021611083298921585,0.0012672455959206067,0.020457684993743896,0.0015005152806154907
Triaxial-1-2-2,45,2000000,625,0.5746002084372632,0.9969417505982003,0.9966014776807319,0.010337227955460548,0.0007194152688367677,0.02387106791138649,0.0011725873903107374
Triaxial-1-2-2,45,5000000,870,0.5763628698391684,1.0,0.9996586832507875,0.0,0.0,0.02387106791138649,0.0008944038695832334
