load_case,seed,sample_size,front_size,largest_gap_normalized,median_spacing_normalized,gap_to_median_ratio,left_sigma_hp_mpa,right_sigma_hp_mpa,sigma_gap_mpa,left_specific_modulus_mpa,right_specific_modulus_mpa,specific_modulus_gap_mpa,alpha_l1_distance,left_dominant_basis,right_dominant_basis,left_alpha1,right_alpha1,left_alpha2,right_alpha2,left_alpha3,right_alpha3,left_alpha4,right_alpha4
Biaxial-XY,43,100000,165,0.09923692792654037,0.0066892062313854694,14.835381507873535,31.48563575744629,31.63298225402832,0.14734649658203125,68083.6640625,71094.8984375,3011.234375,0.09374271333217621,4,4,0.044268351048231125,5.172753662918694e-05,0.1631203591823578,0.20488911867141724,0.37857815623283386,0.37592342495918274,0.41403311491012573,0.419135719537735
Biaxial-XY,43,500000,317,0.048095546662807465,0.0030797296203672886,15.61680793762207,24.71856689453125,24.72234535217285,0.0037784576416015625,53656.9765625,55126.23046875,1469.25390625,0.28270313143730164,4,4,0.0022794457618147135,0.004529573023319244,0.0015758487861603498,0.00044773926492780447,0.11911419779062271,0.25821563601493835,0.8770304918289185,0.7368070483207703
Biaxial-XY,43,1000000,422,0.04575176164507866,0.0025488680694252253,17.9498348236084,24.710895538330078,24.720928192138672,0.01003265380859375,53722.84375,55120.3203125,1397.4765625,0.2717934846878052,4,4,6.164520891616121e-05,0.003800563281401992,0.0006093945121392608,0.0006827096221968532,0.12706208229064941,0.2591465711593628,0.8722668886184692,0.7363701462745667
Biaxial-XY,43,2000000,546,0.052834734320640564,0.0017965635051950812,29.408777236938477,24.69057846069336,24.69371223449707,0.0031337738037109375,53296.140625,54910.18359375,1614.04296875,0.290807843208313,4,4,0.0028203269466757774,0.0002160692965844646,0.004540847614407539,0.0010994704207405448,0.09788970649242401,0.2432936131954193,0.894749104976654,0.7553908228874207
Biaxial-XY,43,5000000,806,0.04644347354769707,0.0012698706705123186,36.573387145996094,24.689552307128906,24.691497802734375,0.00194549560546875,53379.359375,54798.1640625,1418.8046875,0.2503976821899414,4,4,0.0010967487469315529,0.00022903975332155824,0.0027474532835185528,0.0009476785780861974,0.10512788593769073,0.23032672703266144,0.8910279273986816,0.768496572971344
Biaxial-XY,44,100000,179,0.05526863783597946,0.005966248456388712,9.2635498046875,30.612075805664062,30.717634201049805,0.10555839538574219,63901.6953125,65571.2890625,1669.59375,0.03329191356897354,4,4,0.020096270367503166,0.005907707381993532,0.1600816398859024,0.17353792488574982,0.3847595155239105,0.3879491686820984,0.43506258726119995,0.43260517716407776
Biaxial-XY,44,500000,316,0.05154383182525635,0.003244227496907115,15.887860298156738,24.69280433654785,24.700416564941406,0.0076122283935546875,53249.16015625,54823.6796875,1574.51953125,0.2823815643787384,4,4,0.003939857706427574,6.698910146951675e-05,0.006451317109167576,0.00262222858145833,0.09342368692159653,0.23461444675922394,0.8961851596832275,0.7626963257789612
Biaxial-XY,44,1000000,417,0.04701199382543564,0.0024132102262228727,19.481101989746094,24.700082778930664,24.700416564941406,0.0003337860107421875,53387.5,54823.6796875,1436.1796875,0.25954267382621765,4,4,0.00025219086091965437,6.698910146951675e-05,0.008340546861290932,0.00262222858145833,0.10484310984611511,0.23461444675922394,0.8865641355514526,0.7626963257789612
Biaxial-XY,44,2000000,575,0.057611651718616486,0.0017084411811083555,33.721763610839844,24.67814826965332,24.694087982177734,0.015939712524414062,53278.67578125,55038.2578125,1759.58203125,0.3140876889228821,4,4,0.0014641662128269672,0.00020199509162921458,0.002176708774641156,1.14736913019442e-05,0.09987372159957886,0.2569175660610199,0.8964853882789612,0.742868959903717
Biaxial-XY,44,5000000,828,0.05179585888981819,0.0012016596738249063,43.103599548339844,24.68811798095703,24.692731857299805,0.0046138763427734375,53315.08984375,54897.375,1582.28515625,0.27939456701278687,4,4,0.0015085622435435653,0.000814904342405498,0.00466291094198823,0.0005874464986845851,0.10060678422451019,0.24030408263206482,0.8932217359542847,0.7582935690879822
Biaxial-XY,45,100000,155,0.06584567576646805,0.006524052005261183,10.092757225036621,35.62684631347656,36.47066879272461,0.8438224792480469,80113.7421875,80201.4296875,87.6875,0.04290392994880676,3,3,0.041728224605321884,0.058601122349500656,0.24952904880046844,0.25410813093185425,0.36037060618400574,0.3549191951751709,0.34837210178375244,0.3323715627193451
Biaxial-XY,45,500000,319,0.042796533554792404,0.002741672331467271,15.60964584350586,24.706857681274414,24.7187557220459,0.011898040771484375,53298.49609375,54605.58984375,1307.09375,0.23787595331668854,4,4,0.007245853543281555,0.00017310056136921048,0.004051659721881151,0.005163982510566711,0.09209295362234116,0.20991860330104828,0.8966095447540283,0.7847443222999573
Biaxial-XY,45,1000000,422,0.05410231277346611,0.0023218030110001564,23.30185317993164,24.685867309570312,24.698183059692383,0.012315750122070312,53248.2734375,54900.796875,1652.5234375,0.288932204246521,4,4,0.00543633010238409,0.0021005640737712383,0.00023057441285345703,0.00048805761616677046,0.09377995878458023,0.23798860609531403,0.9005531072616577,0.759422779083252
Biaxial-XY,45,2000000,536,0.05282602831721306,0.001691912766546011,31.222665786743164,24.685867309570312,24.694854736328125,0.0089874267578125,53248.2734375,54861.92578125,1613.65234375,0.28298020362854004,4,4,0.00543633010238409,0.001426734495908022,0.00023057441285345703,0.000542490859515965,0.09377995878458023,0.23495815694332123,0.9005531072616577,0.7630726099014282
Biaxial-XY,45,5000000,834,0.04495236650109291,0.0011847594287246466,37.94218826293945,24.692276000976562,24.694854736328125,0.0025787353515625,53488.6796875,54861.92578125,1373.24609375,0.24714112281799316,4,4,0.0005979020497761667,0.001426734495908022,0.0001512896124040708,0.000542490859515965,0.11260763555765152,0.23495815694332123,0.8866431713104248,0.7630726099014282
Triaxial-1-1-2,43,100000,151,0.12313000857830048,0.0035739613231271505,34.451969146728516,28.511608123779297,28.726036071777344,0.21442794799804688,79657.4921875,83804.859375,4147.3671875,0.04697079211473465,4,4,0.005999278277158737,0.0015289655420929193,0.21990914642810822,0.210332989692688,0.34444472193717957,0.3679301142692566,0.4296468496322632,0.4202079176902771
Triaxial-1-1-2,43,500000,339,0.06745932251214981,0.0015162762720137835,44.49012756347656,23.109161376953125,23.808338165283203,0.6991767883300781,64995.96484375,65384.4609375,388.49609375,0.4178263545036316,4,4,0.06495266407728195,0.0017669583903625607,0.00013721580035053194,0.0003969805547967553,0.2608877718448639,0.46954119205474854,0.6740223169326782,0.5282948613166809
Triaxial-1-1-2,43,1000000,466,0.06319906562566757,0.0010985014960169792,57.53207015991211,23.109161376953125,23.77369499206543,0.6645336151123047,64995.96484375,65002.3125,6.34765625,0.34587058424949646,4,4,0.06495266407728195,0.017560318112373352,0.00013721580035053194,0.0013346740743145347,0.2608877718448639,0.4326256215572357,0.6740223169326782,0.5484793782234192
Triaxial-1-1-2,43,2000000,615,0.058599360287189484,0.0008271335391327739,70.8463134765625,23.15196418762207,23.767850875854492,0.6158866882324219,64999.84765625,65060.625,60.77734375,0.39075377583503723,4,4,0.07202886790037155,0.005222562234848738,2.5530624043312855e-05,0.0018787161679938436,0.2566790282726288,0.4502027630805969,0.6712665557861328,0.5426959991455078
Triaxial-1-1-2,43,5000000,943,0.05625944212079048,0.0004688607878051698,119.99178314208984,23.15196418762207,23.741073608398438,0.5891094207763672,64999.84765625,65174.80078125,174.953125,0.40811049938201904,4,4,0.07202886790037155,0.00020057547953911126,2.5530624043312855e-05,0.00018914308748207986,0.2566790282726288,0.46057066321372986,0.6712665557861328,0.5390396118164062
Triaxial-1-1-2,44,100000,179,0.08043958991765976,0.0036202294286340475,22.219472885131836,28.210716247558594,28.22875213623047,0.018035888671875,73973.984375,76720.734375,2746.75,0.06097841635346413,4,4,0.016248449683189392,0.0032025997061282396,0.17756614089012146,0.20805534720420837,0.35876232385635376,0.3481272757053375,0.4474230706691742,0.4406147599220276
Triaxial-1-1-2,44,500000,314,0.06911089271306992,0.0018596351146697998,37.1636848449707,23.136795043945312,23.86346435546875,0.7266693115234375,64996.09375,65017.55859375,21.46484375,0.31883057951927185,4,4,0.06996642053127289,0.03580290451645851,0.000747451966162771,0.0017327875830233097,0.2556976079940796,0.41412755846977234,0.6735885143280029,0.5483367443084717
Triaxial-1-1-2,44,1000000,433,0.060419660061597824,0.0012475298717617989,48.431434631347656,23.136795043945312,23.77077865600586,0.6339836120605469,64996.09375,65129.4296875,133.3359375,0.3742069602012634,4,4,0.06996642053127289,0.013217277824878693,0.000747451966162771,0.00041703064925968647,0.2556976079940796,0.4428010880947113,0.6735885143280029,0.5435646176338196
Triaxial-1-1-2,44,2000000,590,0.0573439784348011,0.0008957440732046962,64.01826477050781,23.136795043945312,23.738311767578125,0.6015167236328125,64996.09375,65132.015625,135.921875,0.39457157254219055,4,4,0.06996642053127289,0.004503249656409025,0.000747451966162771,0.00014549512707162648,0.2556976079940796,0.45298340916633606,0.6735885143280029,0.5423678755760193
Triaxial-1-1-2,44,5000000,917,0.05432375892996788,0.0005280234618112445,102.88133239746094,23.168563842773438,23.738311767578125,0.5697479248046875,64999.2109375,65132.015625,132.8046875,0.3805654048919678,4,4,0.07102762162685394,0.004503249656409025,6.188609404489398e-05,0.00014549512707162648,0.26278430223464966,0.45298340916633606,0.6661261916160583,0.5423678755760193
Triaxial-1-1-2,45,100000,163,0.07898131757974625,0.003667692421004176,21.534334182739258,28.136096954345703,28.152406692504883,0.016309738159179688,73728.6484375,76425.6953125,2697.046875,0.03431627154350281,4,4,0.007890913635492325,0.0012325705029070377,0.16826346516609192,0.18542158603668213,0.3773266077041626,0.37027913331985474,0.44651901721954346,0.44306668639183044
Triaxial-1-1-2,45,500000,332,0.06437727808952332,0.001838881871663034,35.00892639160156,28.019344329833984,28.109193801879883,0.08984947204589844,73617.359375,75796.6796875,2179.3203125,0.030233394354581833,4,4,0.0033113649114966393,0.0014767975080758333,0.18059523403644562,0.19571194052696228,0.36524543166160583,0.3574522137641907,0.45084795355796814,0.4453590512275696
Triaxial-1-1-2,45,1000000,464,0.06312354654073715,0.0012747588334605098,49.51803207397461,23.109577178955078,23.77325439453125,0.6636772155761719,64994.296875,65024.53125,30.234375,0.3777867555618286,4,4,0.06753887236118317,0.010982624255120754,0.00072176952380687,0.0018352980259805918,0.25388261675834656,0.441662460565567,0.6778567433357239,0.5455195903778076
Triaxial-1-1-2,45,2000000,615,0.05480591580271721,0.0008319458574987948,65.87678527832031,23.16805648803711,23.74306297302246,0.5750064849853516,64997.24609375,65121.7578125,124.51171875,0.3813433051109314,4,4,0.06955024600028992,0.0023989605251699686,0.0003126929223071784,0.000619112397544086,0.26514115929603577,0.4555063843727112,0.6649959087371826,0.5414755344390869
Triaxial-1-1-2,45,5000000,926,0.056376442313194275,0.0004933311138302088,114.27708435058594,23.151470184326172,23.74306297302246,0.5915927886962891,64999.1015625,65121.7578125,122.65625,0.40047046542167664,4,4,0.07227453589439392,0.0023989605251699686,0.00013784633483737707,0.000619112397544086,0.25575241446495056,0.4555063843727112,0.67183518409729,0.5414755344390869
Triaxial-1-2-2,43,100000,160,0.1323702484369278,0.00460828235372901,28.724422454833984,34.27515411376953,34.59708023071289,0.3219261169433594,78377.609375,83110.890625,4733.28125,0.04697079211473465,4,4,0.005999278277158737,0.0015289655420929193,0.21990914642810822,0.210332989692688,0.34444472193717957,0.3679301142692566,0.4296468496322632,0.4202079176902771
Triaxial-1-2-2,43,500000,335,0.06768921762704849,0.0017575286328792572,38.51386260986328,28.460826873779297,29.30923080444336,0.8484039306640625,67971.5,68301.2578125,329.7578125,0.6447428464889526,4,4,0.10638926178216934,0.004131858237087727,0.00022313976660370827,0.0009553584968671203,0.16582947969436646,0.4874686598777771,0.7275581359863281,0.5074440836906433
Triaxial-1-2-2,43,1000000,436,0.0666419044137001,0.0011942279525101185,55.80333709716797,28.420827865600586,29.262041091918945,0.8412132263183594,67973.28125,68124.2578125,150.9765625,0.5789848566055298,4,4,0.10157362371683121,0.010887176729738712,0.00015727571735624224,9.445023169973865e-05,0.17631389200687408,0.46580633521080017,0.7219551801681519,0.5232120156288147
Triaxial-1-2-2,43,2000000,580,0.061607975512742996,0.0009739157976582646,63.25801086425781,28.420827865600586,29.199892044067383,0.7790641784667969,67973.28125,68011.6875,38.40625,0.5880187749862671,4,4,0.10157362371683121,0.004185400903224945,0.00015727571735624224,0.00042079659760929644,0.17631389200687408,0.47005975246429443,0.7219551801681519,0.5253340601921082
Triaxial-1-2-2,43,5000000,879,0.06127550080418587,0.0006597022293135524,92.88357543945312,28.42153549194336,29.196096420288086,0.7745609283447266,67974.6328125,68047.4453125,72.8125,0.6151627898216248,4,4,0.10144928842782974,0.0016572307795286179,0.00027784015401266515,0.00039169759838841856,0.16814829409122467,0.47561579942703247,0.7301245927810669,0.5223352313041687
Triaxial-1-2-2,44,100000,180,0.06821928918361664,0.0032094644848257303,21.255661010742188,28.493175506591797,29.354576110839844,0.8614006042480469,67967.9765625,68109.1875,141.2109375,0.6367388963699341,4,4,0.11026772111654282,0.005852540489286184,6.335196667350829e-05,0.0036932663060724735,0.16160869598388672,0.4763481914997101,0.728060245513916,0.5141059756278992
Triaxial-1-2-2,44,500000,333,0.07363606989383698,0.0017470105085521936,42.149757385253906,28.371580123901367,29.297805786132812,0.9262256622314453,67974.125,68253.8828125,279.7578125,0.5786781311035156,4,4,0.09530700743198395,0.010831217281520367,7.02355828252621e-05,3.343804564792663e-05,0.18283841013908386,0.4721774458885193,0.7217843532562256,0.5169578790664673
Triaxial-1-2-2,44,1000000,430,0.0685998797416687,0.001259421231225133,54.46936798095703,28.371580123901367,29.239103317260742,0.867523193359375,67974.125,68008.875,34.75,0.5879950523376465,4,4,0.09530700743198395,0.0019281646236777306,7.02355828252621e-05,0.0019277206156402826,0.18283841013908386,0.4749784469604492,0.7217843532562256,0.521165668964386
Triaxial-1-2-2,44,2000000,578,0.0685998797416687,0.0009480607113800943,72.35810852050781,28.371580123901367,29.239103317260742,0.867523193359375,67974.125,68008.875,34.75,0.5879950523376465,4,4,0.09530700743198395,0.0019281646236777306,7.02355828252621e-05,0.0019277206156402826,0.18283841013908386,0.4749784469604492,0.7217843532562256,0.521165668964386
Triaxial-1-2-2,44,5000000,861,0.06642173230648041,0.0006722538964822888,98.80453491210938,28.371580123901367,29.211008071899414,0.8394279479980469,67974.125,68067.9375,93.8125,0.5875545740127563,4,4,0.09530700743198395,0.0021743790712207556,7.02355828252621e-05,0.0005620215088129044,0.18283841013908386,0.4761239290237427,0.7217843532562256,0.5211396813392639
Triaxial-1-2-2,45,100000,153,0.08007824420928955,0.004323555156588554,18.52138900756836,25.86039161682129,25.878198623657227,0.0178070068359375,58600.18359375,61517.6171875,2917.43359375,0.09446381777524948,4,4,0.001029440201818943,0.0011981879360973835,0.2797509431838989,0.23740091919898987,0.1448023021221161,0.1399204283952713,0.5744172930717468,0.6214804649353027
Triaxial-1-2-2,45,500000,338,0.07129017263650894,0.001573797664605081,45.29818344116211,28.393463134765625,29.291908264160156,0.8984451293945312,67974.15625,68192.375,218.21875,0.6005852222442627,4,4,0.09811760485172272,0.006367809139192104,0.0002334320015506819,0.0011333933798596263,0.17761924862861633,0.47701188921928406,0.7240297198295593,0.5154868960380554
Triaxial-1-2-2,45,1000000,446,0.06235653534531593,0.0012878715060651302,48.41828918457031,28.44186019897461,29.23035430908203,0.7884941101074219,67975.375,68019.890625,44.515625,0.6252292394638062,4,4,0.10389497131109238,0.001500987564213574,7.606102735735476e-05,0.001646018703468144,0.16483375430107117,0.47587841749191284,0.7311952114105225,0.5209745764732361
Triaxial-1-2-2,45,2000000,625,0.06542482227087021,0.0009011202491819859,72.60387420654297,28.403043746948242,29.23035430908203,0.8273105621337891,67975.96875,68019.890625,43.921875,0.6212849617004395,4,4,0.09893504530191422,0.001500987564213574,2.585958645795472e-05,0.001646018703468144,0.1668560951948166,0.47587841749191284,0.7341830134391785,0.5209745764732361
Triaxial-1-2-2,45,5000000,870,0.06542482227087021,0.0006353982025757432,102.96664428710938,28.403043746948242,29.23035430908203,0.8273105621337891,67975.96875,68019.890625,43.921875,0.6212849617004395,4,4,0.09893504530191422,0.001500987564213574,2.585958645795472e-05,0.001646018703468144,0.1668560951948166,0.47587841749191284,0.7341830134391785,0.5209745764732361
