network,target,split,train_size,runs,mape_mean_pct,mape_std_pct,rmse_mean,rmse_std,r2_mean,r2_std,best_epoch_mean,elapsed_seconds_mean
mechanical,E_eff,test,200,3,28.956141377556815,3.8038637030824662,3694.8642772911917,647.6263300138244,0.6837876113336169,0.11082391564124217,123.66666666666667,5.5582549666669365
mechanical,E_eff,test,400,3,14.67897960730977,1.7720178201477421,2236.417336431846,271.299144959424,0.885363622930171,0.02678594201532307,325.0,14.881348166666308
mechanical,E_eff,test,800,3,10.352552976850035,0.7617298517113049,1687.931190196975,85.58821196431686,0.9352216274504807,0.006614275205398577,278.0,21.937848900000972
mechanical,E_eff,test,1200,3,7.808115292229021,0.479557839060751,1379.3967482852888,60.332813028765344,0.956757706974371,0.0037780765968118174,332.0,35.39088633333328
mechanical,E_eff,test,1600,3,6.687469665432538,0.19985918210789594,1198.2143134592316,55.24620847379337,0.9673667102715214,0.0030389848116029526,429.6666666666667,53.03432689999985
density,rho_rel,test,200,3,1.7420943940758675,0.31400164277242,0.007859247781014005,0.0019395322714121773,0.990048595376502,0.005056037839462166,197.0,2.5839732666669684
density,rho_rel,test,400,3,1.5357997829465642,0.23852502629649863,0.006923701913832501,0.0015041457740256152,0.9923445846089716,0.003397332987121683,260.6666666666667,5.7241447999998245
density,rho_rel,test,800,3,1.3436255823021501,0.0437791055207268,0.006028325560914483,8.87818252364136e-05,0.9943727758386213,0.00016634322728703864,300.6666666666667,11.590227766667036
density,rho_rel,test,1200,3,1.291124724821977,0.12798150816694276,0.0055788294445167615,0.0008168677619349548,0.9951124899876699,0.0013651544646798536,287.3333333333333,15.508415199999945
density,rho_rel,test,1600,3,1.2796175281952384,0.06677346767978252,0.005662478332229565,0.00016264544213310004,0.9950330482987928,0.0002856643915343567,353.3333333333333,25.11822946666689
mechanical,sigma_hp,test,200,3,16.782791963632878,1.178638209864576,5.294654069303685,0.49891644557996906,0.7678076168940559,0.043541461071521355,123.66666666666667,5.5582549666669365
mechanical,sigma_hp,test,400,3,9.95015737532304,0.937780392231815,3.9131306299137507,0.11464686206993098,0.8738443569838493,0.007374080892327664,325.0,14.881348166666308
mechanical,sigma_hp,test,800,3,8.212643053369698,0.1830444988718149,3.392975755066504,0.3456476601472091,0.9045523177935121,0.01914778358357611,278.0,21.937848900000972
mechanical,sigma_hp,test,1200,3,6.931579660715809,0.24817164996947377,3.10847258551981,0.048649953869625895,0.9204253873946682,0.002499180672117171,332.0,35.39088633333328
mechanical,sigma_hp,test,1600,3,5.948450454087907,0.11219936924989632,2.8537738527850673,0.0222555919330814,0.9329395823286042,0.0010479127292150237,429.6666666666667,53.03432689999985
mechanical,E_eff,validation,200,3,29.08150287867238,5.643994186203512,3165.8790968929316,537.8188388585072,0.7192125971335589,0.09503053163299802,123.66666666666667,5.5582549666669365
mechanical,E_eff,validation,400,3,15.323783795168964,0.8066519375715545,2065.439284603867,286.32363103678813,0.8812410845749715,0.03289148883969573,325.0,14.881348166666308
mechanical,E_eff,validation,800,3,11.060561595365982,0.2032067080483522,1546.429034535663,116.4159428783607,0.9340202809905677,0.009830652992181133,278.0,21.937848900000972
mechanical,E_eff,validation,1200,3,8.095221155067938,0.8431299654598928,1069.4546537887215,95.61605945191437,0.9683957335858556,0.0056567537117214505,332.0,35.39088633333328
mechanical,E_eff,validation,1600,3,7.045879126421231,0.012412220654663195,882.0689828080576,44.08235618702736,0.9785789681673842,0.0021670677241716597,429.6666666666667,53.03432689999985
density,rho_rel,validation,200,3,1.5526555459414864,0.054051910124343586,0.006681530147378181,0.000445914704144317,0.9937198220650708,0.0008325972431644273,197.0,2.5839732666669684
density,rho_rel,validation,400,3,1.3562777518210798,0.03507990378264299,0.005908461546580799,0.0005005932873167697,0.9950801187114457,0.0008493185047668773,260.6666666666667,5.7241447999998245
density,rho_rel,validation,800,3,1.2124667642482205,0.06188954858608926,0.005316264342610742,0.0001634084515200001,0.9960333944144177,0.0002457666102492189,300.6666666666667,11.590227766667036
density,rho_rel,validation,1200,3,1.1603917758394575,0.1327772901140648,0.004964024008190728,0.0007172372352505958,0.9964956871981844,0.0009719951455750736,287.3333333333333,15.508415199999945
density,rho_rel,validation,1600,3,1.1196502732122127,0.057489148895105174,0.004961239302867689,0.0002686000464269065,0.996540920122221,0.0003745245306525687,353.3333333333333,25.11822946666689
mechanical,sigma_hp,validation,200,3,18.060123738667397,2.472858938380227,5.956763872339697,0.43455137274381245,0.7398232841354448,0.03793065169559127,123.66666666666667,5.5582549666669365
mechanical,sigma_hp,validation,400,3,10.034654822492826,1.084423473165188,4.7414598056053565,0.4157554460013756,0.8348973223941533,0.02902020299090191,325.0,14.881348166666308
mechanical,sigma_hp,validation,800,3,7.882657167031591,0.13301889712890322,3.8582649554897657,0.17107838188184854,0.8910913125499166,0.00954863301153712,278.0,21.937848900000972
mechanical,sigma_hp,validation,1200,3,6.726949277677292,0.05455938818745705,3.3923999161255316,0.3531028246191269,0.9153066854736974,0.017872336671947955,332.0,35.39088633333328
mechanical,sigma_hp,validation,1600,3,5.9942151976303455,0.19238765085620538,2.9494508666236974,0.0011153575507957725,0.9364388233420736,4.8076325024705e-05,429.6666666666667,53.03432689999985
