network,target,split,train_size,seed,mape_pct,rmse,r2,best_epoch,epochs_run,best_val_loss,elapsed_seconds
mechanical,sigma_hp,validation,200,42,19.58248460967281,5.9364885462713515,0.7425049862143036,37,187,0.5762160633291517,4.979474800000389
mechanical,E_eff,validation,200,42,34.361304074122295,3731.486601872175,0.6172840803920667,37,187,0.5762160633291517,4.979474800000389
mechanical,sigma_hp,test,200,42,16.69795777558389,5.290789263169557,0.769510862071067,37,187,0.5762160633291517,4.979474800000389
mechanical,E_eff,test,200,42,32.53964520566854,4385.356372755717,0.5634976679916349,37,187,0.5762160633291517,4.979474800000389
density,rho_rel,validation,200,42,1.5882150887204949,0.0071085184256074576,0.9929125401403435,155,235,0.0004638057725969702,2.1628558000011253
density,rho_rel,test,200,42,2.102167930295239,0.010098618347810825,0.9842107339046993,155,235,0.0004638057725969702,2.1628558000011253
mechanical,sigma_hp,validation,400,42,10.511765119536005,4.695848761318346,0.8388843389319598,433,583,0.22006248044116156,19.269787000001088
mechanical,E_eff,validation,400,42,14.427962738879732,1795.6925695126276,0.9113708211414627,433,583,0.22006248044116156,19.269787000001088
mechanical,sigma_hp,test,400,42,9.873417678468776,3.9232056399730784,0.8732664261064129,433,583,0.22006248044116156,19.269787000001088
mechanical,E_eff,test,400,42,12.654098828713359,1930.6455312693904,0.915397757842077,433,583,0.22006248044116156,19.269787000001088
density,rho_rel,validation,400,42,1.3931769337202136,0.006484295545213828,0.994102634732941,251,331,0.00037234544288367033,5.88915470000029
density,rho_rel,test,400,42,1.803444982219001,0.008629880439392577,0.9884695147935433,251,331,0.00037234544288367033,5.88915470000029
mechanical,sigma_hp,validation,800,42,7.892133209117327,3.6655429178010652,0.9018283313742678,266,416,0.13378230695213592,24.27745750000031
mechanical,E_eff,validation,800,42,11.160119100702548,1423.4841025955864,0.944304770590302,266,416,0.13378230695213592,24.27745750000031
mechanical,sigma_hp,test,800,42,8.411873208107199,3.716226307414092,0.8862860244131072,266,416,0.13378230695213592,24.27745750000031
mechanical,E_eff,test,800,42,9.545384070259207,1614.2973860389518,0.940851481426871,266,416,0.13378230695213592,24.27745750000031
density,rho_rel,validation,800,42,1.1818216286289236,0.005206635033273629,0.9961976972138352,500,500,0.00024584418861195445,17.306707800000368
density,rho_rel,test,800,42,1.308483916739772,0.005992575161078395,0.9944401252937359,500,500,0.00024584418861195445,17.306707800000368
mechanical,sigma_hp,validation,1200,42,6.693395817904103,3.289679438976629,0.920929093810222,304,454,0.11174838989973068,33.03924779999943
mechanical,E_eff,validation,1200,42,9.060144351894177,1169.088668010122,0.9624329012619763,304,454,0.11174838989973068,33.03924779999943
mechanical,sigma_hp,test,1200,42,6.716339843274623,3.1632250921187057,0.9176109053607985,304,454,0.11174838989973068,33.03924779999943
mechanical,E_eff,test,1200,42,8.355619780735415,1439.701142998647,0.9529541322247616,304,454,0.11174838989973068,33.03924779999943
density,rho_rel,validation,1200,42,1.2067899399147766,0.005159196019172439,0.9962666691164418,400,480,0.0002449699677526951,19.974819600000046
density,rho_rel,test,1200,42,1.3475124587868377,0.005855572095972381,0.9946914404911673,400,480,0.0002449699677526951,19.974819600000046
mechanical,sigma_hp,validation,1600,42,6.002177922507224,2.9507044339797104,0.936384788738223,395,545,0.08404562143342835,49.07197439999982
mechanical,E_eff,validation,1600,42,7.060107703042366,852.4508631405797,0.9800266246220893,395,545,0.08404562143342835,49.07197439999982
mechanical,sigma_hp,test,1600,42,6.0018323418944295,2.8790228447531674,0.9317504553097844,395,545,0.08404562143342835,49.07197439999982
mechanical,E_eff,test,1600,42,6.755927014695389,1156.6409170389545,0.9696349578567994,395,545,0.08404562143342835,49.07197439999982
density,rho_rel,validation,1600,42,1.0884528754659766,0.004949486903363218,0.9965640029352614,421,500,0.00021120865130797029,30.91434990000016
density,rho_rel,test,1600,42,1.2031309293785868,0.0056497803696356225,0.9950580180402596,421,500,0.00021120865130797029,30.91434990000016
mechanical,sigma_hp,validation,200,43,19.391034210116565,6.4010980103919755,0.7006229469198608,97,247,0.4208900204726628,5.117746800000532
mechanical,E_eff,validation,200,43,29.75029460213616,3105.1456399506415,0.7349811874667507,97,247,0.4208900204726628,5.117746800000532
mechanical,sigma_hp,test,200,43,18.00155526526648,5.7954916909496985,0.7234395255937736,97,247,0.4208900204726628,5.117746800000532
mechanical,E_eff,test,200,43,29.36399267932414,3598.2854025089023,0.7061213753256108,97,247,0.4208900204726628,5.117746800000532
density,rho_rel,validation,200,43,1.5792970327072955,0.006717236090653601,0.9936713125106468,209,289,0.00043654374894686043,2.7484676000003674
density,rho_rel,test,200,43,1.5988994235558236,0.006766020582813579,0.9929123109776609,209,289,0.00043654374894686043,2.7484676000003674
mechanical,sigma_hp,validation,400,43,10.798720535759566,5.178140085808699,0.8040897558206898,285,435,0.29271688950913294,13.859808499999417
mechanical,E_eff,validation,400,43,15.550751288303246,2365.868535923176,0.8461512501514996,285,435,0.29271688950913294,13.859808499999417
mechanical,sigma_hp,test,400,43,10.923949763701767,4.0224074879873735,0.8667762465134667,285,435,0.29271688950913294,13.859808499999417
mechanical,E_eff,test,400,43,15.436585679307017,2448.3026324971142,0.8639473567182546,285,435,0.29271688950913294,13.859808499999417
density,rho_rel,validation,400,43,1.3233562076246126,0.00566419135494059,0.9955000440866831,307,387,0.00032009644201025367,6.829452099998889
density,rho_rel,test,400,43,1.4582686005030099,0.006351985426401024,0.9937532084943456,307,387,0.00032009644201025367,6.829452099998889
mechanical,sigma_hp,validation,800,43,8.010684655301878,3.9170563737353863,0.8878939117170533,247,397,0.16112039131777628,19.14299200000096
mechanical,E_eff,validation,800,43,11.194791520602351,1560.826246508031,0.9330390088543209,247,397,0.16112039131777628,19.14299200000096
mechanical,sigma_hp,test,800,43,8.174149147862154,3.0286089802534946,0.9244740932552128,247,397,0.16112039131777628,19.14299200000096
mechanical,E_eff,test,800,43,11.058777702024212,1781.8347736575683,0.9279371149506142,247,397,0.16112039131777628,19.14299200000096
density,rho_rel,validation,800,43,1.283699733338365,0.0055040766774427695,0.9957508567145509,128,208,0.0002697549352888018,6.354514500000732
density,rho_rel,test,800,43,1.3926671568337559,0.006129409198962195,0.9941833188674157,128,208,0.0002697549352888018,6.354514500000732
mechanical,sigma_hp,validation,1200,43,6.78990339209708,3.1020468502549665,0.9296917544914626,413,563,0.09736679547599383,41.69775040000059
mechanical,E_eff,validation,1200,43,7.500685666625186,1060.8350766064684,0.9690679647047444,413,563,0.09736679547599383,41.69775040000059
mechanical,sigma_hp,test,1200,43,6.875361131975943,3.0702133051887803,0.9223848260145066,413,563,0.09736679547599383,41.69775040000059
mechanical,E_eff,test,1200,43,7.462565782682281,1379.453544815457,0.9568092302830278,413,563,0.09736679547599383,41.69775040000059
density,rho_rel,validation,1200,43,1.263743934601185,0.0055634747063439014,0.995658651388984,143,223,0.00027721075457520783,9.795641400000022
density,rho_rel,test,1200,43,1.3812295646220654,0.006221376212533492,0.9940074598326365,143,223,0.00027721075457520783,9.795641400000022
mechanical,sigma_hp,validation,1600,43,6.182497857987047,2.948568252671738,0.936476864673113,465,615,0.08674585579761437,57.64905550000003
mechanical,E_eff,validation,1600,43,7.037273554407801,932.7295330922949,0.9760875425274375,465,615,0.08674585579761437,57.64905550000003
mechanical,sigma_hp,test,1600,43,6.023991985459058,2.8452939527690164,0.9333402288766999,465,615,0.08674585579761437,57.64905550000003
mechanical,E_eff,test,1600,43,6.844104518411196,1260.9042702931538,0.9639138112948545,465,615,0.08674585579761437,57.64905550000003
density,rho_rel,validation,1600,43,1.1859938636615368,0.005235522648146924,0.9961553880582409,275,355,0.00024072840460576117,20.134426200000235
density,rho_rel,test,1600,43,1.3094319405430808,0.0058311005742817945,0.9947357186833317,275,355,0.00024072840460576117,20.134426200000235
mechanical,sigma_hp,validation,200,44,15.206852396212817,5.532705060355764,0.7763419192721701,237,387,0.40151967321123394,6.577543299999888
mechanical,E_eff,validation,200,44,23.13290995975869,2661.005048855978,0.8053725235418596,237,387,0.40151967321123394,6.577543299999888
mechanical,sigma_hp,test,200,44,15.648862850048268,4.7976812537918,0.8104724630173272,237,387,0.40151967321123394,6.577543299999888
mechanical,E_eff,test,200,44,24.964786247677765,3100.951056608956,0.7817437906836049,237,387,0.40151967321123394,6.577543299999888
density,rho_rel,validation,200,44,1.4904545163966685,0.006218835925873483,0.9945756135442222,227,307,0.00040347842150367796,2.840596399999413
density,rho_rel,test,200,44,1.52521582837654,0.006713104412417611,0.9930227412471458,227,307,0.00040347842150367796,2.840596399999413
mechanical,sigma_hp,validation,400,44,8.793478812182904,4.350390569689024,0.8617178724298101,257,407,0.2427324035337993,11.514448999998422
mechanical,E_eff,validation,400,44,15.992637358323911,2034.7567483757973,0.8862011824319521,257,407,0.2427324035337993,11.514448999998422
mechanical,sigma_hp,test,400,44,9.053104683798576,3.7937787617808,0.8814903983316683,257,407,0.2427324035337993,11.514448999998422
mechanical,E_eff,test,400,44,15.946254313908936,2330.3038455290325,0.8767457542301815,257,407,0.2427324035337993,11.514448999998422
density,rho_rel,validation,400,44,1.3523001141184132,0.005576897739587979,0.9956376773147129,224,304,0.00031330197816714644,4.453827600000295
density,rho_rel,test,400,44,1.3456857661176818,0.0057892398757039025,0.9948110305390258,224,304,0.00031330197816714644,4.453827600000295
mechanical,sigma_hp,validation,800,44,7.745153636675566,3.992195574932845,0.8835516945584287,321,471,0.17677971507821763,22.393097200001648
mechanical,E_eff,validation,800,44,10.826774164793047,1654.9767545033715,0.9247170635270799,321,471,0.17677971507821763,22.393097200001648
mechanical,sigma_hp,test,800,44,8.05190680413974,3.4340919775319243,0.902896835712216,321,471,0.17677971507821763,22.393097200001648
mechanical,E_eff,test,800,44,10.453497158266686,1667.6614108944045,0.9368762859739566,321,471,0.17677971507821763,22.393097200001648
density,rho_rel,validation,800,44,1.1718789307773734,0.005238081317115828,0.9961516293148672,274,354,0.0002396370400674641,11.10946100000001
density,rho_rel,test,800,44,1.3297256733329232,0.005962992322702857,0.9944948833547123,274,354,0.0002396370400674641,11.10946100000001
mechanical,sigma_hp,validation,1200,44,6.697548623030694,3.7854734591449986,0.8952992081194076,279,429,0.124492525522198,31.435660799999823
mechanical,E_eff,validation,1200,44,7.724833446684451,978.440216749574,0.9736863347908461,279,429,0.124492525522198,31.435660799999823
mechanical,sigma_hp,test,1200,44,7.203038006896861,3.091979359251944,0.9212804308086997,279,429,0.124492525522198,31.435660799999823
mechanical,E_eff,test,1200,44,7.606160313269368,1319.0355570417623,0.9605097584153235,279,429,0.124492525522198,31.435660799999823
density,rho_rel,validation,1200,44,1.0106414530024115,0.004169401299055843,0.9975617410891272,319,399,0.00016563781537115574,16.754784599999766
density,rho_rel,test,1200,44,1.144632151057028,0.004659540025044411,0.9966385696392059,319,399,0.00016563781537115574,16.754784599999766
mechanical,sigma_hp,validation,1600,44,5.797969812396765,2.949079913219643,0.9364548166148852,429,579,0.08243763366980213,52.381950799999686
mechanical,E_eff,validation,1600,44,7.040256121813526,861.0265521912985,0.9796227373526256,429,579,0.08243763366980213,52.381950799999686
mechanical,sigma_hp,test,1600,44,5.819527034910232,2.837004760833018,0.9337280627993284,429,579,0.08243763366980213,52.381950799999686
mechanical,E_eff,test,1600,44,6.462377463191029,1177.0977530455862,0.9685513616629106,429,579,0.08243763366980213,52.381950799999686
density,rho_rel,validation,1600,44,1.0845040805091242,0.004698708357092926,0.9969033693731603,364,444,0.0001937552442541346,24.305912300000273
density,rho_rel,test,1600,44,1.326289714664048,0.00550655405277128,0.9953054081727871,364,444,0.0001937552442541346,24.305912300000273
