benchmark_id,category,load_case,valid_for_pareto,invalid_reason,rho_rel,sigma_d,specific_stiffness,dominated_by_validated_pareto,n_dominating_pareto_points,dominating_points,best_pareto_sigma_d,best_pareto_specific_stiffness
classic_diamond_rho_matched,classic_tpms,Biaxial-XY,True,,0.22310608288593803,21.602937698364258,55831.81806171417,False,0,,23.40529441833496,74046.38531066301
classic_diamond_rho_matched,classic_tpms,Triaxial-1-1-2,True,,0.22310608288593803,20.949377059936523,66359.25024065422,False,0,,21.077396392822266,89366.43737406349
classic_diamond_rho_matched,classic_tpms,Triaxial-1-2-2,True,,0.22310608288593803,25.663801193237305,68126.49189133462,False,0,,26.361276626586914,90483.40657174953
classic_gyroid_rho_matched,classic_tpms,Biaxial-XY,True,,0.22308782875188374,22.481809616088867,54132.59776436459,False,0,,23.40529441833496,74046.38531066301
classic_gyroid_rho_matched,classic_tpms,Triaxial-1-1-2,True,,0.22308782875188374,21.542322158813477,65707.87910880867,False,0,,21.077396392822266,89366.43737406349
classic_gyroid_rho_matched,classic_tpms,Triaxial-1-2-2,True,,0.22308782875188374,26.708744049072266,67682.81985229229,False,0,,26.361276626586914,90483.40657174953
internal_equal_mix,internal,Biaxial-XY,True,,0.47172941694267595,39.913578033447266,62350.44305186259,True,2,P2;P3,23.40529441833496,74046.38531066301
internal_equal_mix,internal,Triaxial-1-1-2,True,,0.47172941694267595,36.60662841796875,74916.09439583846,True,1,P2,21.077396392822266,89366.43737406349
internal_equal_mix,internal,Triaxial-1-2-2,True,,0.47172941694267595,44.41898727416992,77037.88372067586,True,1,P2,26.361276626586914,90483.40657174953
internal_f1,internal,Biaxial-XY,True,,0.10708483507389882,24.520666122436523,46945.530718732974,True,1,P1,23.40529441833496,74046.38531066301
internal_f1,internal,Triaxial-1-1-2,True,,0.10708483507389882,22.631986618041992,59648.13192072705,False,0,,21.077396392822266,89366.43737406349
internal_f1,internal,Triaxial-1-2-2,True,,0.10980078125,27.137854,60304.48579564285,False,0,,26.361276626586914,90483.40657174953
internal_f2,internal,Biaxial-XY,True,,0.2150357273968185,26.921096801757812,50396.362420933394,True,1,P1,23.40529441833496,74046.38531066301
internal_f2,internal,Triaxial-1-1-2,True,,0.2150357273968185,22.475019454956055,63218.78222561583,False,0,,21.077396392822266,89366.43737406349
internal_f2,internal,Triaxial-1-2-2,True,,0.2185234375,26.951660723000533,64366.34448906064,False,0,,26.361276626586914,90483.40657174953
internal_f3,internal,Biaxial-XY,True,,0.12139201969823889,23.82950782775879,51321.70828996772,True,1,P1,23.40529441833496,74046.38531066301
internal_f3,internal,Triaxial-1-1-2,True,,0.12139201969823889,22.577802658081055,62599.5422428578,False,0,,21.077396392822266,89366.43737406349
internal_f3,internal,Triaxial-1-2-2,True,,0.12058984375,27.289628160000973,64925.44826330392,False,0,,26.361276626586914,90483.40657174953
internal_f4,internal,Biaxial-XY,True,,0.12139201969823889,24.13212776184082,51334.314145289674,True,1,P1,23.40529441833496,74046.38531066301
internal_f4,internal,Triaxial-1-1-2,True,,0.12139201969823889,22.8157901763916,62591.20111430942,False,0,,21.077396392822266,89366.43737406349
internal_f4,internal,Triaxial-1-2-2,True,,0.12058984375,27.268767809000465,64941.89323965063,False,0,,26.361276626586914,90483.40657174953
yu2026_exact_one_sided,literature_hybrid,Biaxial-XY,False,Yu exact F>=0 geometry is disconnected/non-load-bearing in the present periodic-cell setup.,0.11514099290319833,6.765872177837487e-14,2.1976500178403992e-12,False,0,,23.40529441833496,74046.38531066301
yu2026_exact_one_sided,literature_hybrid,Triaxial-1-1-2,False,Yu exact F>=0 geometry is disconnected/non-load-bearing in the present periodic-cell setup.,0.11514099290319833,7.592502473084684e-14,1.2308862305581359e-11,False,0,,21.077396392822266,89366.43737406349
yu2026_exact_one_sided,literature_hybrid,Triaxial-1-2-2,False,Yu exact F>=0 geometry is disconnected/non-load-bearing in the present periodic-cell setup.,0.11514099290319833,8.234511434269259e-14,1.7248626549743937e-12,False,0,,26.361276626586914,90483.40657174953
