status,benchmark_id,category,method,source,load_case,rho_rel,sigma_d,sigma_max,E_eff,specific_stiffness,wall_thickness_mm,estimated_rho_rel,case_dir
completed,classic_diamond_rho_matched,classic_tpms,sheet_density_matched,classic TPMS formula,Biaxial-XY,0.22310608288593803,21.602937698364258,30.272216796875,12456.418228149414,55831.81806171417,0.8674980270700781,0.22311216759728947,D:\python_files\TPMS\validation_literature\yu2026_hybrid_tpms_benchmark\case_outputs\Biaxial-XY__classic_diamond_rho_matched
completed,classic_diamond_rho_matched,classic_tpms,sheet_density_matched,classic TPMS formula,Triaxial-1-1-2,0.22310608288593803,20.949377059936523,28.898597717285156,14805.152384440102,66359.25024065422,0.8674980270700781,0.22311216759728947,D:\python_files\TPMS\validation_literature\yu2026_hybrid_tpms_benchmark\case_outputs\Triaxial-1-1-2__classic_diamond_rho_matched
completed,classic_diamond_rho_matched,classic_tpms,sheet_density_matched,classic TPMS formula,Triaxial-1-2-2,0.22310608288593803,25.663801193237305,35.51219940185547,15199.434746636285,68126.49189133462,0.8674980270700781,0.22311216759728947,D:\python_files\TPMS\validation_literature\yu2026_hybrid_tpms_benchmark\case_outputs\Triaxial-1-2-2__classic_diamond_rho_matched
completed,classic_gyroid_rho_matched,classic_tpms,sheet_density_matched,classic TPMS formula,Biaxial-XY,0.22308782875188374,22.481809616088867,32.81236267089844,12076.323699951172,54132.59776436459,1.0999576456552587,0.22308782875188374,D:\python_files\TPMS\validation_literature\yu2026_hybrid_tpms_benchmark\case_outputs\Biaxial-XY__classic_gyroid_rho_matched
completed,classic_gyroid_rho_matched,classic_tpms,sheet_density_matched,classic TPMS formula,Triaxial-1-1-2,0.22308782875188374,21.542322158813477,34.881900787353516,14658.628082275389,65707.87910880867,1.0999576456552587,0.22308782875188374,D:\python_files\TPMS\validation_literature\yu2026_hybrid_tpms_benchmark\case_outputs\Triaxial-1-1-2__classic_gyroid_rho_matched
completed,classic_gyroid_rho_matched,classic_tpms,sheet_density_matched,classic TPMS formula,Triaxial-1-2-2,0.22308782875188374,26.708744049072266,42.62681579589844,15099.21332465278,67682.81985229229,1.0999576456552587,0.22308782875188374,D:\python_files\TPMS\validation_literature\yu2026_hybrid_tpms_benchmark\case_outputs\Triaxial-1-2-2__classic_gyroid_rho_matched
completed,classic_iwp_rho_matched,classic_tpms,sheet_density_matched,classic TPMS formula,Biaxial-XY,0.22318721237062383,34.55662155151367,120.26768493652344,9434.675216674805,42272.47213880524,2.6877825159883733,0.22308985698900086,D:\python_files\TPMS\validation_literature\yu2026_hybrid_tpms_benchmark\case_outputs\Biaxial-XY__classic_iwp_rho_matched
completed,classic_iwp_rho_matched,classic_tpms,sheet_density_matched,classic TPMS formula,Triaxial-1-1-2,0.22318721237062383,31.934213638305664,122.88400268554688,10986.130777994791,49223.836174589,2.6877825159883733,0.22308985698900086,D:\python_files\TPMS\validation_literature\yu2026_hybrid_tpms_benchmark\case_outputs\Triaxial-1-1-2__classic_iwp_rho_matched
completed,classic_iwp_rho_matched,classic_tpms,sheet_density_matched,classic TPMS formula,Triaxial-1-2-2,0.22318721237062383,39.38773727416992,153.16644287109375,11243.630811903215,50377.57626199517,2.6877825159883733,0.22308985698900086,D:\python_files\TPMS\validation_literature\yu2026_hybrid_tpms_benchmark\case_outputs\Triaxial-1-2-2__classic_iwp_rho_matched
completed,classic_primitive_rho_matched,classic_tpms,sheet_density_matched,classic TPMS formula,Biaxial-XY,0.22313853467981234,26.75934410095215,69.85089874267578,11587.635803222656,51930.231682528865,1.248105153265069,0.22308985698900086,D:\python_files\TPMS\validation_literature\yu2026_hybrid_tpms_benchmark\case_outputs\Biaxial-XY__classic_primitive_rho_matched
completed,classic_primitive_rho_matched,classic_tpms,sheet_density_matched,classic TPMS formula,Triaxial-1-1-2,0.22313853467981234,21.324169158935547,41.31171798706055,14577.194722493487,65328.002370414,1.248105153265069,0.22308985698900086,D:\python_files\TPMS\validation_literature\yu2026_hybrid_tpms_benchmark\case_outputs\Triaxial-1-1-2__classic_primitive_rho_matched
completed,classic_primitive_rho_matched,classic_tpms,sheet_density_matched,classic TPMS formula,Triaxial-1-2-2,0.22313853467981234,27.072811126708984,47.258785247802734,15075.293307834205,67560.24157578233,1.248105153265069,0.22308985698900086,D:\python_files\TPMS\validation_literature\yu2026_hybrid_tpms_benchmark\case_outputs\Triaxial-1-2-2__classic_primitive_rho_matched
completed,internal_equal_mix,internal,project_sheet,current project,Biaxial-XY,0.47172941694267595,39.913578033447266,68.52050018310547,29412.53814697266,62350.44305186259,0.6,,D:\python_files\TPMS\validation_literature\yu2026_hybrid_tpms_benchmark\case_outputs\Biaxial-XY__internal_equal_mix
completed,internal_equal_mix,internal,project_sheet,current project,Triaxial-1-1-2,0.47172941694267595,36.60662841796875,64.36734771728516,35340.12552897135,74916.09439583846,0.6,,D:\python_files\TPMS\validation_literature\yu2026_hybrid_tpms_benchmark\case_outputs\Triaxial-1-1-2__internal_equal_mix
completed,internal_equal_mix,internal,project_sheet,current project,Triaxial-1-2-2,0.47172941694267595,44.41898727416992,77.48688507080078,36341.03597005209,77037.88372067586,0.6,,D:\python_files\TPMS\validation_literature\yu2026_hybrid_tpms_benchmark\case_outputs\Triaxial-1-2-2__internal_equal_mix
existing,internal_f1,internal,project_sheet_existing,current project,Biaxial-XY,0.10708483507389882,24.520666122436523,31.653484344482422,5027.154414472171,46945.530718732974,0.6,,D:\python_files\TPMS\outputs\verification\pure_baselines\baseline_Biaxial-XY_f1
existing,internal_f1,internal,project_sheet_existing,current project,Triaxial-1-1-2,0.10708483507389882,22.631986618041992,47.1204833984375,6387.410369197216,59648.13192072705,0.6,,D:\python_files\TPMS\outputs\verification\pure_baselines\baseline_Triaxial-1-1-2_f1
existing,internal_f1,internal,project_sheet_existing,current project,Triaxial-1-2-2,0.10980078125,27.137854,0.0,6621.479653241114,60304.48579564285,0.6,,D:\python_files\TPMS\outputs\verification\pure_baselines\baseline_Triaxial-1-2-2_f1
existing,internal_f2,internal,project_sheet_existing,current project,Biaxial-XY,0.2150357273968185,26.921096801757812,35.57373046875,10837.018451339101,50396.362420933394,0.6,,D:\python_files\TPMS\outputs\verification\pure_baselines\baseline_Biaxial-XY_f2
existing,internal_f2,internal,project_sheet_existing,current project,Triaxial-1-1-2,0.2150357273968185,22.475019454956055,41.80503463745117,13594.29682102636,63218.78222561583,0.6,,D:\python_files\TPMS\outputs\verification\pure_baselines\baseline_Triaxial-1-1-2_f2
existing,internal_f2,internal,project_sheet_existing,current project,Triaxial-1-2-2,0.2185234375,26.951660723000533,0.0,14065.554857058713,64366.34448906064,0.6,,D:\python_files\TPMS\outputs\verification\pure_baselines\baseline_Triaxial-1-2-2_f2
existing,internal_f3,internal,project_sheet_existing,current project,Biaxial-XY,0.12139201969823889,23.82950782775879,33.7114372253418,6230.045823683031,51321.70828996772,0.6,,D:\python_files\TPMS\outputs\verification\pure_baselines\baseline_Biaxial-XY_f3
existing,internal_f3,internal,project_sheet_existing,current project,Triaxial-1-1-2,0.12139201969823889,22.577802658081055,34.113075256347656,7599.084865045732,62599.5422428578,0.6,,D:\python_files\TPMS\outputs\verification\pure_baselines\baseline_Triaxial-1-1-2_f3
existing,internal_f3,internal,project_sheet_existing,current project,Triaxial-1-2-2,0.12058984375,27.289628160000973,0.0,7829.349661470528,64925.44826330392,0.6,,D:\python_files\TPMS\outputs\verification\pure_baselines\baseline_Triaxial-1-2-2_f3
existing,internal_f4,internal,project_sheet_existing,current project,Biaxial-XY,0.12139201969823889,24.13212776184082,32.32742691040039,6231.576073920587,51334.314145289674,0.6,,D:\python_files\TPMS\outputs\verification\pure_baselines\baseline_Biaxial-XY_f4
existing,internal_f4,internal,project_sheet_existing,current project,Triaxial-1-1-2,0.12139201969823889,22.8157901763916,30.733592987060547,7598.072318604681,62591.20111430942,0.6,,D:\python_files\TPMS\outputs\verification\pure_baselines\baseline_Triaxial-1-1-2_f4
existing,internal_f4,internal,project_sheet_existing,current project,Triaxial-1-2-2,0.12058984375,27.268767809000465,0.0,7831.33275859865,64941.89323965063,0.6,,D:\python_files\TPMS\outputs\verification\pure_baselines\baseline_Triaxial-1-2-2_f4
completed,yu2026_exact_one_sided,literature_hybrid,one_sided_exact,Yu et al. 2026,Biaxial-XY,0.11514099290319833,6.765872177837487e-14,8.645439643047495e-14,2.530396051078751e-13,2.1976500178403992e-12,,0.11514099290319833,D:\python_files\TPMS\validation_literature\yu2026_hybrid_tpms_benchmark\case_outputs\Biaxial-XY__yu2026_exact_one_sided
completed,yu2026_exact_one_sided,literature_hybrid,one_sided_exact,Yu et al. 2026,Triaxial-1-1-2,0.11514099290319833,7.592502473084684e-14,1.1089115465722638e-13,1.4172546273733887e-12,1.2308862305581359e-11,,0.11514099290319833,D:\python_files\TPMS\validation_literature\yu2026_hybrid_tpms_benchmark\case_outputs\Triaxial-1-1-2__yu2026_exact_one_sided
completed,yu2026_exact_one_sided,literature_hybrid,one_sided_exact,Yu et al. 2026,Triaxial-1-2-2,0.11514099290319833,8.234511434269259e-14,1.0754310446727325e-13,1.986023987153985e-13,1.7248626549743937e-12,,0.11514099290319833,D:\python_files\TPMS\validation_literature\yu2026_hybrid_tpms_benchmark\case_outputs\Triaxial-1-2-2__yu2026_exact_one_sided
completed,yu2026_weighted_sheet_rho_matched,literature_hybrid,sheet_density_matched,Yu et al. 2026 weights,Biaxial-XY,0.22308985698900086,33.090309143066406,96.31647491455078,9804.280853271484,43947.67644570623,0.6142614210792363,0.22308985698900086,D:\python_files\TPMS\validation_literature\yu2026_hybrid_tpms_benchmark\case_outputs\Biaxial-XY__yu2026_weighted_sheet_rho_matched
completed,yu2026_weighted_sheet_rho_matched,literature_hybrid,sheet_density_matched,Yu et al. 2026 weights,Triaxial-1-1-2,0.22308985698900086,30.716096878051758,82.69686126708984,11637.24212646484,52163.92301976597,0.6142614210792363,0.22308985698900086,D:\python_files\TPMS\validation_literature\yu2026_hybrid_tpms_benchmark\case_outputs\Triaxial-1-1-2__yu2026_weighted_sheet_rho_matched
completed,yu2026_weighted_sheet_rho_matched,literature_hybrid,sheet_density_matched,Yu et al. 2026 weights,Triaxial-1-2-2,0.22308985698900086,37.77545928955078,95.84412384033203,11936.895243326826,53507.11773469539,0.6142614210792363,0.22308985698900086,D:\python_files\TPMS\validation_literature\yu2026_hybrid_tpms_benchmark\case_outputs\Triaxial-1-2-2__yu2026_weighted_sheet_rho_matched
